DELETE FROM consultations WHERE id = 'b7454b2e-74b9-454c-9cc5-afc411f962f1';
DELETE FROM consultation_updates WHERE id = 'dba54fe2-7188-4612-b864-a2a7f690abdf';
DELETE FROM questions WHERE id = '2c4ce51d-5278-4853-8b83-14fe5424ef9d';
DELETE FROM choixpossible WHERE id = 'c784bbc5-6ced-4e8f-8354-c44918ae2051';
DELETE FROM choixpossible WHERE id = 'b6bf1e1b-e790-472a-a688-16bbea410111';
DELETE FROM choixpossible WHERE id = 'b0ed651a-7363-4ba5-96db-8c79f9fe75e5';
DELETE FROM choixpossible WHERE id = '782f3844-0ea5-49b7-bd6f-24cffbfdb9fe';
DELETE FROM questions WHERE id = 'd4a629f7-fb7b-464a-a3ad-43874c63bc9f';
DELETE FROM choixpossible WHERE id = '0fdb3663-a062-4a4e-80d1-a68f32d4f866';
DELETE FROM choixpossible WHERE id = 'd3c21f13-7483-4d1b-9b64-d72f73c0a8e5';
DELETE FROM choixpossible WHERE id = 'f5d8a70f-a9a5-4f88-8dfd-4e04e8de5322';
DELETE FROM questions WHERE id = 'e2801d38-7a7e-4544-b7a2-4e708a0eaba8';
DELETE FROM choixpossible WHERE id = 'e6ff8a83-0d38-43ff-9f7f-df60887b354b';
DELETE FROM choixpossible WHERE id = 'e63a0cb7-8b41-43b0-8a9f-08a900513fa2';
DELETE FROM choixpossible WHERE id = '3e02156a-48e9-4f62-bd5c-6ad3425f3513';
DELETE FROM questions WHERE id = '8724fee3-4bb1-4765-815d-ea88db14bde6';
DELETE FROM questions WHERE id = '68966e00-6d3d-4e7c-a974-4394aa9aebeb';
DELETE FROM questions WHERE id = '31f3fd47-9aae-449d-80a9-690baceb0076';
DELETE FROM choixpossible WHERE id = '013347d8-2d43-4e1d-b63d-910e2747333e';
DELETE FROM choixpossible WHERE id = '299d6369-631d-41f7-9dc6-39d2b079dbaa';
DELETE FROM choixpossible WHERE id = '5fe38e8f-584c-48f2-98a6-7f102d616f13';
DELETE FROM choixpossible WHERE id = '71a20d27-b187-4e3c-b211-457f534b63ec';
DELETE FROM consultation_updates_v2 WHERE id = 'ccbecde2-52e7-4094-8c2b-0c56cb4d53ce';
DELETE FROM consultation_update_sections WHERE id = 'ed39b6ec-40c3-4656-83cd-5c1ca2f16441';
DELETE FROM consultation_update_sections WHERE id = '86a10a97-9178-4dbe-b965-e4189b1693a5';
DELETE FROM consultation_update_sections WHERE id = '23f7672e-f151-495f-a462-e148301328eb';
DELETE FROM consultation_update_sections WHERE id = '6207c968-ae62-4658-9bcd-711f73945519';
DELETE FROM consultation_updates_v2 WHERE id = '897369f5-cb04-4b75-960a-62cdfe47422f';
DELETE FROM consultation_update_sections WHERE id = 'a5159139-2f39-4745-9149-e94d13134888';
DELETE FROM consultation_update_sections WHERE id = 'c642b86f-7662-4445-b69f-8a65878fe68f';
DELETE FROM consultation_update_sections WHERE id = '1fe66260-338c-4fda-9170-90081d6b53d1';
DELETE FROM consultation_update_sections WHERE id = '6ddb1fee-bd83-4f66-a58f-2664f2aefee4';
DELETE FROM consultation_updates_v2 WHERE id = '2efd7a52-ec78-4fa1-8978-3b1610b23d34';
DELETE FROM consultation_update_sections WHERE id = '6c05ad2a-0ec4-4025-88b9-16bd4c3cd8ec';
DELETE FROM consultation_update_sections WHERE id = '26e85a92-ed12-48b5-a608-c6c37c6ac1aa';
DELETE FROM consultation_update_sections WHERE id = '451cc0d5-e155-4b7e-96cb-7a9157917fef';
DELETE FROM consultation_update_sections WHERE id = '0238d7ed-5cc1-4384-a35f-8755a9526bdd';
DELETE FROM consultation_updates_v2 WHERE id = 'fba95928-dbf4-4456-995c-f423e81da7aa';
DELETE FROM consultation_update_sections WHERE id = '4acf6a22-e321-45ba-9ff0-2712de1463fb';
DELETE FROM consultation_update_sections WHERE id = 'd27ec1e0-df80-4bcd-af74-894c6421192e';
DELETE FROM consultation_update_sections WHERE id = '96567802-6cc9-45e6-8e95-6ac2594ea642';
DELETE FROM consultation_update_sections WHERE id = '9544d622-550d-4d13-95c2-ea514730fad7';
DELETE FROM consultation_update_sections WHERE id = '9075f12a-89b1-45e2-ab75-de19d7f9ddda';
DELETE FROM consultation_update_sections WHERE id = 'c5ce49ae-3633-47b5-a0c2-1a1772e2942f';
DELETE FROM consultation_update_sections WHERE id = '2f87dc12-8011-41f6-bb1a-e8b816654810';
DELETE FROM consultation_update_sections WHERE id = '9544d622-550d-4d13-95c2-ea514730fad7';
DELETE FROM consultation_update_sections WHERE id = '500280b5-b5d1-4fb3-a2f0-93e43c6aa928';
DELETE FROM consultation_update_sections WHERE id = 'f35f76b0-89ab-406e-ad13-5740f34dce74';
DELETE FROM consultation_update_sections WHERE id = '0015dff2-458a-451c-b0a3-61b7e0511fa8';
DELETE FROM consultation_update_sections WHERE id = 'ed71caaf-9705-4d10-8c1f-a2d3d2dc4e21';
DELETE FROM consultation_update_sections WHERE id = '03db3cc1-304c-4e53-9c99-1ce25c2bcb2e';
DELETE FROM consultation_update_history WHERE id = 'a3b0a137-0fcd-4d97-9062-8f2321a7511f';
DELETE FROM consultation_update_history WHERE id = 'c52a6eb6-3ad9-4642-8169-988695c407a1';
DELETE FROM consultation_update_history WHERE id = '8e57bea1-c7e4-49c6-a3c1-8558c6b16a32';
DELETE FROM consultation_update_history WHERE id = '7fbdf691-90f4-42b7-a376-930a4f26b8d8';
DELETE FROM consultation_update_history WHERE id = '104958ed-23f9-4ae5-b8e2-d95c46748adf';

INSERT INTO consultations(id, title, start_date, end_date, cover_url, details_cover_url, question_count, estimated_time, participant_count_goal, description, tips_description, thematique_id) VALUES (
    'b7454b2e-74b9-454c-9cc5-afc411f962f1',
    'Des vacances pour tous !',
    '2023-7-1 23:59:59.999',
    '2023-9-30 23:59:59.999',
    'https://img.freepik.com/photos-gratuite/plage-parapluie-ete-concept-vacances-generative-ai_60438-2518.jpg',
    'https://img.freepik.com/photos-gratuite/plage-parapluie-ete-concept-vacances-generative-ai_60438-2518.jpg',
    '7',
    '10',
    10000,
    '<body>Ca y est, c’est l’heure de la rentrée ! Faisons le bilan <i>collectif </i>sur nos vacances, afin de savoir si celles-ci se sont bien déroulées pour nos concitoyens.<br/><br/>En effet c’est particulièrement important pour le <b>Ministre des vacances</b> d’être au courant afin d’ : <br/><ul><li>Améliorer l’<b>offre des prochaines vacances d’été</b><br/></li><li>Partir sur le bon <b>pied pour la rentrée</b>. <br/></li></ul><br/>Nous comptons sur vous pour tout nous dire !</body>',
    '<body>🗣 Consultation proposée par le <b>Ministre des vacances </b><br/><br/>🎯 Objectif : améliorer les vacances de nos concitoynes<br/><br/>🚀 Axe gouvernemental : Planifier et accélérer la transition écologique</body>',
    'a4bb4b27-3271-4278-83c9-79ac3eee843a'
) ON CONFLICT DO NOTHING;

INSERT INTO consultation_updates(id, step, description, consultation_id, explanations_title, video_title, video_intro, video_url, video_width, video_height, video_transcription, conclusion_title, conclusion_description) VALUES (
    'dba54fe2-7188-4612-b864-a2a7f690abdf',
    1,
    '<body><noa11y>👉</noa11y> Les réponses à cette consultation seront présentées au ministre des Vacances le 30 septembre.<br/>D’ici la fin de l’année 2023, le <b>Plan national des Vacances </b>doit être révisé et ses mesures renforcées afin de prendre en compte les nouveaux effets des vacances.<br/><br/>—<br/><br/><noa11y>🌳</noa11y><b> Envie d’aller plus loin ?</b><br/><br/><a href="https://www.service-public.fr/particuliers/vosdroits/F31952">Rendez-vous ici </a>pour voir les dates des prochaines vacances.</body>',
    'b7454b2e-74b9-454c-9cc5-afc411f962f1',
    null,
    null,
    null,
    null,
    null,
    null,
    null,
    null,
    null
) ON CONFLICT DO NOTHING;

INSERT INTO questions (id, title, popup_description, ordre, type, description, max_choices, next_question_id, consultation_id) VALUES (
    '2c4ce51d-5278-4853-8b83-14fe5424ef9d',
    'Où avez-vous passé vos vacances ?',
    '<body>Vous pouvez avoir passé vos vacances à plusieurs endroits, auquel cas mettez tout.</body>',
    1,
    'multiple',
    null,
    4,
    null,
    'b7454b2e-74b9-454c-9cc5-afc411f962f1'
) ON CONFLICT DO NOTHING;

INSERT INTO choixpossible (id, label, ordre, has_open_text_field, question_id, next_question_id) VALUES (
    'c784bbc5-6ced-4e8f-8354-c44918ae2051',
    'A la mer',
    1,
    0,
    '2c4ce51d-5278-4853-8b83-14fe5424ef9d',
    null
) ON CONFLICT DO NOTHING;

INSERT INTO choixpossible (id, label, ordre, has_open_text_field, question_id, next_question_id) VALUES (
    'b6bf1e1b-e790-472a-a688-16bbea410111',
    'A la montagne',
    2,
    0,
    '2c4ce51d-5278-4853-8b83-14fe5424ef9d',
    null
) ON CONFLICT DO NOTHING;

INSERT INTO choixpossible (id, label, ordre, has_open_text_field, question_id, next_question_id) VALUES (
    'b0ed651a-7363-4ba5-96db-8c79f9fe75e5',
    'A la maison',
    3,
    0,
    '2c4ce51d-5278-4853-8b83-14fe5424ef9d',
    null
) ON CONFLICT DO NOTHING;

INSERT INTO choixpossible (id, label, ordre, has_open_text_field, question_id, next_question_id) VALUES (
    '782f3844-0ea5-49b7-bd6f-24cffbfdb9fe',
    'Pas eu de vacances cet été !',
    4,
    0,
    '2c4ce51d-5278-4853-8b83-14fe5424ef9d',
    null
) ON CONFLICT DO NOTHING;

INSERT INTO questions (id, title, popup_description, ordre, type, description, max_choices, next_question_id, consultation_id) VALUES (
    'd4a629f7-fb7b-464a-a3ad-43874c63bc9f',
    'Avez-vous passé de bonnes vacances ?',
    '<body>Dites-nous la <b>vérité</b> ! </body>',
    2,
    'conditional',
    null,
    null,
    null,
    'b7454b2e-74b9-454c-9cc5-afc411f962f1'
) ON CONFLICT DO NOTHING;

INSERT INTO choixpossible (id, label, ordre, has_open_text_field, question_id, next_question_id) VALUES (
    '0fdb3663-a062-4a4e-80d1-a68f32d4f866',
    'Ouiiii super',
    1,
    0,
    'd4a629f7-fb7b-464a-a3ad-43874c63bc9f',
    'e885dee0-db77-4558-8aec-f9d9a7f10e2d'
) ON CONFLICT DO NOTHING;

INSERT INTO choixpossible (id, label, ordre, has_open_text_field, question_id, next_question_id) VALUES (
    'd3c21f13-7483-4d1b-9b64-d72f73c0a8e5',
    'Ca va',
    2,
    0,
    'd4a629f7-fb7b-464a-a3ad-43874c63bc9f',
    'e885dee0-db77-4558-8aec-f9d9a7f10e2d'
) ON CONFLICT DO NOTHING;

INSERT INTO choixpossible (id, label, ordre, has_open_text_field, question_id, next_question_id) VALUES (
    'f5d8a70f-a9a5-4f88-8dfd-4e04e8de5322',
    'Catastrophique',
    3,
    0,
    'd4a629f7-fb7b-464a-a3ad-43874c63bc9f',
    'e885dee0-db77-4558-8aec-f9d9a7f10e2d'
) ON CONFLICT DO NOTHING;

INSERT INTO questions (id, title, popup_description, ordre, type, description, max_choices, next_question_id, consultation_id) VALUES (
    'e2801d38-7a7e-4544-b7a2-4e708a0eaba8',
    'Qu’est-ce qui vous a le plus plu',
    null,
    3,
    'unique',
    null,
    null,
    '31f3fd47-9aae-449d-80a9-690baceb0076',
    'b7454b2e-74b9-454c-9cc5-afc411f962f1'
) ON CONFLICT DO NOTHING;

INSERT INTO choixpossible (id, label, ordre, has_open_text_field, question_id, next_question_id) VALUES (
    'e6ff8a83-0d38-43ff-9f7f-df60887b354b',
    'Mes amis, ma famille',
    1,
    0,
    'e2801d38-7a7e-4544-b7a2-4e708a0eaba8',
    null
) ON CONFLICT DO NOTHING;

INSERT INTO choixpossible (id, label, ordre, has_open_text_field, question_id, next_question_id) VALUES (
    'e63a0cb7-8b41-43b0-8a9f-08a900513fa2',
    'Voir la nature',
    2,
    0,
    'e2801d38-7a7e-4544-b7a2-4e708a0eaba8',
    null
) ON CONFLICT DO NOTHING;

INSERT INTO choixpossible (id, label, ordre, has_open_text_field, question_id, next_question_id) VALUES (
    '3e02156a-48e9-4f62-bd5c-6ad3425f3513',
    'Ne rien faire',
    3,
    0,
    'e2801d38-7a7e-4544-b7a2-4e708a0eaba8',
    null
) ON CONFLICT DO NOTHING;

INSERT INTO questions (id, title, popup_description, ordre, type, description, max_choices, next_question_id, consultation_id) VALUES (
    '8724fee3-4bb1-4765-815d-ea88db14bde6',
    'C’est un petit ça va ça.',
    null,
    4,
    'chapter',
    '<body>Parfois la vie c’est comme ça. C’est <b>moyen</b> ! Mais c’est bien ! </body>',
    null,
    '31f3fd47-9aae-449d-80a9-690baceb0076',
    'b7454b2e-74b9-454c-9cc5-afc411f962f1'
) ON CONFLICT DO NOTHING;

INSERT INTO questions (id, title, popup_description, ordre, type, description, max_choices, next_question_id, consultation_id) VALUES (
    '68966e00-6d3d-4e7c-a974-4394aa9aebeb',
    'Oh noooon, que s’est il passé?',
    null,
    5,
    'open',
    null,
    null,
    null,
    'b7454b2e-74b9-454c-9cc5-afc411f962f1'
) ON CONFLICT DO NOTHING;

INSERT INTO questions (id, title, popup_description, ordre, type, description, max_choices, next_question_id, consultation_id) VALUES (
    '31f3fd47-9aae-449d-80a9-690baceb0076',
    'Quel est pour vous un congé idéal ?',
    null,
    6,
    'unique',
    null,
    null,
    null,
    'b7454b2e-74b9-454c-9cc5-afc411f962f1'
) ON CONFLICT DO NOTHING;

INSERT INTO choixpossible (id, label, ordre, has_open_text_field, question_id, next_question_id) VALUES (
    '013347d8-2d43-4e1d-b63d-910e2747333e',
    'Une semaine',
    1,
    0,
    '31f3fd47-9aae-449d-80a9-690baceb0076',
    null
) ON CONFLICT DO NOTHING;

INSERT INTO choixpossible (id, label, ordre, has_open_text_field, question_id, next_question_id) VALUES (
    '299d6369-631d-41f7-9dc6-39d2b079dbaa',
    '2 semaines',
    2,
    0,
    '31f3fd47-9aae-449d-80a9-690baceb0076',
    null
) ON CONFLICT DO NOTHING;

INSERT INTO choixpossible (id, label, ordre, has_open_text_field, question_id, next_question_id) VALUES (
    '5fe38e8f-584c-48f2-98a6-7f102d616f13',
    'Un mois',
    3,
    0,
    '31f3fd47-9aae-449d-80a9-690baceb0076',
    null
) ON CONFLICT DO NOTHING;

INSERT INTO choixpossible (id, label, ordre, has_open_text_field, question_id, next_question_id) VALUES (
    '71a20d27-b187-4e3c-b211-457f534b63ec',
    'Un an',
    4,
    0,
    '31f3fd47-9aae-449d-80a9-690baceb0076',
    null
) ON CONFLICT DO NOTHING;

INSERT INTO consultation_updates_v2(id, consultation_id, is_visible_to_unanswered_users_only, update_label, update_date, share_text_template, has_questions_info, responses_info_picto, responses_info_description, info_header_picto, info_header_description, has_participation_info, download_analysis_url, feedback_question_picto, feedback_question_title, feedback_question_description, footer_title, footer_description) VALUES(
    'ccbecde2-52e7-4094-8c2b-0c56cb4d53ce',
    'b7454b2e-74b9-454c-9cc5-afc411f962f1',
    1,
    null,
    '2023-09-1 23:59:59.999',
    'Comme moi, tu peux participer à la Consultation : {title}
{url}',
    1,
    null,
    null,
    null,
    null,
    0,
    null,
    null,
    null,
    null,
    null,
    '<body>🗣 Consultation proposée par le <b>Ministre des vacances </b><br/><br/>🎯 Objectif : améliorer les vacances de nos concitoynes<br/><br/>🚀 Axe gouvernemental : Planifier et accélérer la transition écologique</body>'
) ON CONFLICT DO NOTHING;

INSERT INTO consultation_update_sections(id, consultation_update_id, parent_section_id, type, ordre, is_preview, title, description, url, video_width, video_height, author_info_name, author_info_message, video_date, video_transcription) VALUES(
    'ed39b6ec-40c3-4656-83cd-5c1ca2f16441',
    'ccbecde2-52e7-4094-8c2b-0c56cb4d53ce',
    null,
    'title',
    1,
    1,
    'Pourquoi cette consultation ?',
    null,
    null,
    null,
    null,
    null,
    null,
    null,
    null
) ON CONFLICT DO NOTHING;

INSERT INTO consultation_update_sections(id, consultation_update_id, parent_section_id, type, ordre, is_preview, title, description, url, video_width, video_height, author_info_name, author_info_message, video_date, video_transcription) VALUES(
    '86a10a97-9178-4dbe-b965-e4189b1693a5',
    'ccbecde2-52e7-4094-8c2b-0c56cb4d53ce',
    null,
    'title',
    1,
    0,
    'Pourquoi cette consultation ?',
    null,
    null,
    null,
    null,
    null,
    null,
    null,
    null
) ON CONFLICT DO NOTHING;

INSERT INTO consultation_update_sections(id, consultation_update_id, parent_section_id, type, ordre, is_preview, title, description, url, video_width, video_height, author_info_name, author_info_message, video_date, video_transcription) VALUES(
    '23f7672e-f151-495f-a462-e148301328eb',
    'ccbecde2-52e7-4094-8c2b-0c56cb4d53ce',
    null,
    'richText',
    2,
    1,
    null,
    '<body>Ca y est, c’est l’heure de la rentrée ! Faisons le bilan <i>collectif </i>sur nos vacances, afin de savoir si celles-ci se sont bien déroulées pour nos concitoyens.</body>',
    null,
    null,
    null,
    null,
    null,
    null,
    null
) ON CONFLICT DO NOTHING;

INSERT INTO consultation_update_sections(id, consultation_update_id, parent_section_id, type, ordre, is_preview, title, description, url, video_width, video_height, author_info_name, author_info_message, video_date, video_transcription) VALUES(
    '6207c968-ae62-4658-9bcd-711f73945519',
    'ccbecde2-52e7-4094-8c2b-0c56cb4d53ce',
    null,
    'richText',
    2,
    0,
    null,
    '<body>Ca y est, c’est l’heure de la rentrée ! Faisons le bilan <i>collectif </i>sur nos vacances, afin de savoir si celles-ci se sont bien déroulées pour nos concitoyens.<br/><br/>En effet c’est particulièrement important pour le <b>Ministre des vacances</b> d’être au courant afin d’ : <br/><ul><li>Améliorer l’<b>offre des prochaines vacances d’été</b><br/></li><li>Partir sur le bon <b>pied pour la rentrée</b>. <br/></li></ul><br/>Nous comptons sur vous pour tout nous dire !</body>',
    null,
    null,
    null,
    null,
    null,
    null,
    null
) ON CONFLICT DO NOTHING;

INSERT INTO consultation_updates_v2(id, consultation_id, is_visible_to_unanswered_users_only, update_label, update_date, share_text_template, has_questions_info, responses_info_picto, responses_info_description, info_header_picto, info_header_description, has_participation_info, download_analysis_url, feedback_question_picto, feedback_question_title, feedback_question_description, footer_title, footer_description) VALUES(
    '897369f5-cb04-4b75-960a-62cdfe47422f',
    'b7454b2e-74b9-454c-9cc5-afc411f962f1',
    0,
    null,
    '2023-9-1 23:59:59.999',
    'Comme moi, tu peux participer à la Consultation : {title}
{url}',
    0,
    '🙌',
    '<body><b>Merci pour votre participation</b> à cette consultation !</body>',
    null,
    null,
    1,
    null,
    null,
    null,
    null,
    'Envie d’aller plus loin ?',
    '<body><a href="https://www.service-public.fr/particuliers/vosdroits/F31952">Rendez-vous ici pour voir les dates des prochaines vacances.</a></body>'
) ON CONFLICT DO NOTHING;

INSERT INTO consultation_update_sections(id, consultation_update_id, parent_section_id, type, ordre, is_preview, title, description, url, video_width, video_height, author_info_name, author_info_message, video_date, video_transcription) VALUES(
    'a5159139-2f39-4745-9149-e94d13134888',
    '897369f5-cb04-4b75-960a-62cdfe47422f',
    null,
    'title',
    1,
    1,
    'Les prochaines étapes',
    null,
    null,
    null,
    null,
    null,
    null,
    null,
    null
) ON CONFLICT DO NOTHING;

INSERT INTO consultation_update_sections(id, consultation_update_id, parent_section_id, type, ordre, is_preview, title, description, url, video_width, video_height, author_info_name, author_info_message, video_date, video_transcription) VALUES(
    'c642b86f-7662-4445-b69f-8a65878fe68f',
    '897369f5-cb04-4b75-960a-62cdfe47422f',
    null,
    'title',
    1,
    0,
    'Les prochaines étapes',
    null,
    null,
    null,
    null,
    null,
    null,
    null,
    null
) ON CONFLICT DO NOTHING;

INSERT INTO consultation_update_sections(id, consultation_update_id, parent_section_id, type, ordre, is_preview, title, description, url, video_width, video_height, author_info_name, author_info_message, video_date, video_transcription) VALUES(
    '1fe66260-338c-4fda-9170-90081d6b53d1',
    '897369f5-cb04-4b75-960a-62cdfe47422f',
    null,
    'richText',
    2,
    1,
    null,
    '<body><noa11y>👉</noa11y> Les réponses à cette consultation seront présentées au ministre des Vacances le 30 septembre.</body>',
    null,
    null,
    null,
    null,
    null,
    null,
    null
) ON CONFLICT DO NOTHING;

INSERT INTO consultation_update_sections(id, consultation_update_id, parent_section_id, type, ordre, is_preview, title, description, url, video_width, video_height, author_info_name, author_info_message, video_date, video_transcription) VALUES(
    '6ddb1fee-bd83-4f66-a58f-2664f2aefee4',
    '897369f5-cb04-4b75-960a-62cdfe47422f',
    null,
    'richText',
    2,
    0,
    null,
    '<body><noa11y>👉</noa11y> Les réponses à cette consultation seront présentées au ministre des Vacances le 30 septembre.<br/>D’ici la fin de l’année 2023, le <b>Plan national des Vacances </b>doit être révisé et ses mesures renforcées afin de prendre en compte les nouveaux effets des vacances.<br/><br/>—<br/><br/><noa11y>🌳</noa11y></body>',
    null,
    null,
    null,
    null,
    null,
    null,
    null
) ON CONFLICT DO NOTHING;

INSERT INTO consultation_updates_v2(id, consultation_id, is_visible_to_unanswered_users_only, update_label, update_date, share_text_template, has_questions_info, responses_info_picto, responses_info_description, info_header_picto, info_header_description, has_participation_info, download_analysis_url, feedback_question_picto, feedback_question_title, feedback_question_description, footer_title, footer_description) VALUES(
    '2efd7a52-ec78-4fa1-8978-3b1610b23d34',
    'b7454b2e-74b9-454c-9cc5-afc411f962f1',
    0,
    null,
    '2023-9-30 23:59:59.999',
    'Comme moi, tu peux participer à la Consultation : {title}
{url}',
    0,
    '🏁',
    '<body><b>Cette consultation est maintenant terminée.</b>
    Merci à tous !</body>',
    null,
    null,
    1,
    null,
    null,
    null,
    null,
    'Envie d’aller plus loin ?',
    '<body><a href="https://www.service-public.fr/particuliers/vosdroits/F31952">Rendez-vous ici pour voir les dates des prochaines vacances.</a></body>'
) ON CONFLICT DO NOTHING;

INSERT INTO consultation_update_sections(id, consultation_update_id, parent_section_id, type, ordre, is_preview, title, description, url, video_width, video_height, author_info_name, author_info_message, video_date, video_transcription) VALUES(
    '6c05ad2a-0ec4-4025-88b9-16bd4c3cd8ec',
    '2efd7a52-ec78-4fa1-8978-3b1610b23d34',
    null,
    'title',
    1,
    1,
    'Les prochaines étapes',
    null,
    null,
    null,
    null,
    null,
    null,
    null,
    null
) ON CONFLICT DO NOTHING;

INSERT INTO consultation_update_sections(id, consultation_update_id, parent_section_id, type, ordre, is_preview, title, description, url, video_width, video_height, author_info_name, author_info_message, video_date, video_transcription) VALUES(
    '26e85a92-ed12-48b5-a608-c6c37c6ac1aa',
    '2efd7a52-ec78-4fa1-8978-3b1610b23d34',
    null,
    'title',
    1,
    0,
    'Les prochaines étapes',
    null,
    null,
    null,
    null,
    null,
    null,
    null,
    null
) ON CONFLICT DO NOTHING;

INSERT INTO consultation_update_sections(id, consultation_update_id, parent_section_id, type, ordre, is_preview, title, description, url, video_width, video_height, author_info_name, author_info_message, video_date, video_transcription) VALUES(
    '451cc0d5-e155-4b7e-96cb-7a9157917fef',
    '2efd7a52-ec78-4fa1-8978-3b1610b23d34',
    null,
    'richText',
    2,
    1,
    null,
    '<body><noa11y>👉</noa11y> Les réponses à cette consultation seront présentées au ministre des Vacances le 30 septembre.</body>',
    null,
    null,
    null,
    null,
    null,
    null,
    null
) ON CONFLICT DO NOTHING;

INSERT INTO consultation_update_sections(id, consultation_update_id, parent_section_id, type, ordre, is_preview, title, description, url, video_width, video_height, author_info_name, author_info_message, video_date, video_transcription) VALUES(
    '0238d7ed-5cc1-4384-a35f-8755a9526bdd',
    '2efd7a52-ec78-4fa1-8978-3b1610b23d34',
    null,
    'richText',
    2,
    0,
    null,
    '<body><noa11y>👉</noa11y> Les réponses à cette consultation seront présentées au ministre des Vacances le 30 septembre.<br/>D’ici la fin de l’année 2023, le <b>Plan national des Vacances </b>doit être révisé et ses mesures renforcées afin de prendre en compte les nouveaux effets des vacances.<br/><br/>—<br/><br/><noa11y>🌳</noa11y></body>',
    null,
    null,
    null,
    null,
    null,
    null,
    null
) ON CONFLICT DO NOTHING;

INSERT INTO consultation_updates_v2(id, consultation_id, is_visible_to_unanswered_users_only, update_label, update_date, share_text_template, has_questions_info, responses_info_picto, responses_info_description, info_header_picto, info_header_description, has_participation_info, download_analysis_url, feedback_question_picto, feedback_question_title, feedback_question_description, footer_title, footer_description) VALUES(
    'fba95928-dbf4-4456-995c-f423e81da7aa',
    'b7454b2e-74b9-454c-9cc5-afc411f962f1',
    0,
    'Synthèse disponible !',
    '2024-02-25 18:00:00',
    'Les résultats de la Consultation {title} sont disponibles !
{url}',
    0,
    null,
    null,
    null,
    null,
    0,
    'https://content.agora.beta.gouv.fr/participation_citoyenne/step2-rapportvdef.pdf',
    '💬',
    'Donnez votre avis',
    'Avez-vous trouver cette synthèse utile ?',
    null,
    null
) ON CONFLICT DO NOTHING;

INSERT INTO consultation_update_sections(id, consultation_update_id, parent_section_id, type, ordre, is_preview, title, description, url, video_width, video_height, author_info_name, author_info_message, video_date, video_transcription) VALUES(
    '4acf6a22-e321-45ba-9ff0-2712de1463fb',
    'fba95928-dbf4-4456-995c-f423e81da7aa',
    null,
    'title',
    1,
    1,
    'Synthèse de vos réponses',
    null,
    null,
    null,
    null,
    null,
    null,
    null,
    null
) ON CONFLICT DO NOTHING;

INSERT INTO consultation_update_sections(id, consultation_update_id, parent_section_id, type, ordre, is_preview, title, description, url, video_width, video_height, author_info_name, author_info_message, video_date, video_transcription) VALUES(
    'd27ec1e0-df80-4bcd-af74-894c6421192e',
    'fba95928-dbf4-4456-995c-f423e81da7aa',
    null,
    'title',
    1,
    0,
    'Synthèse de vos réponses',
    null,
    null,
    null,
    null,
    null,
    null,
    null,
    null
) ON CONFLICT DO NOTHING;

INSERT INTO consultation_update_sections(id, consultation_update_id, parent_section_id, type, ordre, is_preview, title, description, url, video_width, video_height, author_info_name, author_info_message, video_date, video_transcription) VALUES(
    '96567802-6cc9-45e6-8e95-6ac2594ea642',
    'fba95928-dbf4-4456-995c-f423e81da7aa',
    null,
    'richText',
    2,
    1,
    null,
    '<body>Beaucoup d‘entre vous sont allés en vacances pendant <b>au moins 2 semaines</b> ! Retour sur les principaux enseignements de cette consultation</body>',
    null,
    null,
    null,
    null,
    null,
    null,
    null
) ON CONFLICT DO NOTHING;

INSERT INTO consultation_update_sections(id, consultation_update_id, parent_section_id, type, ordre, is_preview, title, description, url, video_width, video_height, author_info_name, author_info_message, video_date, video_transcription) VALUES(
    '9544d622-550d-4d13-95c2-ea514730fad7',
    'fba95928-dbf4-4456-995c-f423e81da7aa',
    null,
    'richText',
    2,
    0,
    null,
    '<body>Beaucoup d‘entre vous sont allés en vacances pendant <b>au moins 2 semaines</b> ! Retour sur les principaux enseignements de cette consultation</body>',
    null,
    null,
    null,
    null,
    null,
    null,
    null
) ON CONFLICT DO NOTHING;

INSERT INTO consultation_update_sections(id, consultation_update_id, parent_section_id, type, ordre, is_preview, title, description, url, video_width, video_height, author_info_name, author_info_message, video_date, video_transcription) VALUES(
    '9075f12a-89b1-45e2-ab75-de19d7f9ddda',
    'fba95928-dbf4-4456-995c-f423e81da7aa',
    null,
    'title',
    3,
    0,
    'Le trio gagnant: se baigner, bronzer, profiter',
    null,
    null,
    null,
    null,
    null,
    null,
    null,
    null
) ON CONFLICT DO NOTHING;

INSERT INTO consultation_update_sections(id, consultation_update_id, parent_section_id, type, ordre, is_preview, title, description, url, video_width, video_height, author_info_name, author_info_message, video_date, video_transcription) VALUES(
    'c5ce49ae-3633-47b5-a0c2-1a1772e2942f',
    'fba95928-dbf4-4456-995c-f423e81da7aa',
    null,
    'focusNumber',
    4,
    0,
    '50%',
    'Des <b>citoyens</b> ont préférés profiter des chaleurs d‘été pour se rafraîchir et prendre des couleurs à la plage.',
    null,
    null,
    null,
    null,
    null,
    null,
    null
) ON CONFLICT DO NOTHING;

INSERT INTO consultation_update_sections(id, consultation_update_id, parent_section_id, type, ordre, is_preview, title, description, url, video_width, video_height, author_info_name, author_info_message, video_date, video_transcription) VALUES(
    '2f87dc12-8011-41f6-bb1a-e8b816654810',
    'fba95928-dbf4-4456-995c-f423e81da7aa',
    null,
    'image',
    5,
    0,
    'Nuage de mots avec en plus gros: gouvernement, application et curiosité',
    null,
    'https://content.agora.incubateur.net/participation_citoyenne/step2-b07.png',
    null,
    null,
    null,
    null,
    null,
    null
) ON CONFLICT DO NOTHING;

INSERT INTO consultation_update_sections(id, consultation_update_id, parent_section_id, type, ordre, is_preview, title, description, url, video_width, video_height, author_info_name, author_info_message, video_date, video_transcription) VALUES(
    '9544d622-550d-4d13-95c2-ea514730fad7',
    'fba95928-dbf4-4456-995c-f423e81da7aa',
    null,
    'richText',
    6,
    0,
    null,
    '<body><noa11y>💡</noa11y> En résumé, vos principales préoccupations pour avoir des vacances idéales: soleil, empreinte carbonne et... Serge le lama</body>',
    null,
    null,
    null,
    null,
    null,
    null,
    null
) ON CONFLICT DO NOTHING;

INSERT INTO consultation_update_sections(id, consultation_update_id, parent_section_id, type, ordre, is_preview, title, description, url, video_width, video_height, author_info_name, author_info_message, video_date, video_transcription) VALUES(
    '500280b5-b5d1-4fb3-a2f0-93e43c6aa928',
    'fba95928-dbf4-4456-995c-f423e81da7aa',
    null,
    'quote',
    7,
    0,
    null,
    '<i>Joff-tchoff-tchoffo-tchoffo-tchoff!
    Tchoff-tchoff-tchoffo-tchoffo-tchoff!
    Joff-tchoff-tchoffo-tchoffo-tchoff!</i> - Serge',
    null,
    null,
    null,
    null,
    null,
    null,
    null
) ON CONFLICT DO NOTHING;

INSERT INTO consultation_update_sections(id, consultation_update_id, parent_section_id, type, ordre, is_preview, title, description, url, video_width, video_height, author_info_name, author_info_message, video_date, video_transcription) VALUES(
    'f35f76b0-89ab-406e-ad13-5740f34dce74',
    'fba95928-dbf4-4456-995c-f423e81da7aa',
    null,
    'video',
    8,
    0,
    null,
    null,
    'https://content.agora.incubateur.net/qag_responses/pourquoiCreerAgoraQagResponse.mp4',
    479,
    690,
    'Olivier Véran',
    'Ancien ministre du Renouvellement Démocratique et porte parole du gouvernement',
    '2023-06-05',
    'Lorem ipsum dolor sit amet, consectetur adipiscing elit, sed do eiusmod tempor incididunt ut labore et dolore magna aliqua. Ut enim ad minim veniam, quis nostrud exercitation ullamco laboris nisi ut aliquip ex ea commodo consequat. Duis aute irure dolor in reprehenderit in voluptate velit esse cillum dolore eu fugiat nulla pariatur. Excepteur sint occaecat cupidatat non proident, sunt in culpa qui officia deserunt mollit anim id est laborum.'
) ON CONFLICT DO NOTHING;

INSERT INTO consultation_update_sections(id, consultation_update_id, parent_section_id, type, ordre, is_preview, title, description, url, video_width, video_height, author_info_name, author_info_message, video_date, video_transcription) VALUES(
    '0015dff2-458a-451c-b0a3-61b7e0511fa8',
    'fba95928-dbf4-4456-995c-f423e81da7aa',
    null,
    'accordion',
    9,
    0,
    'Premières analyses de vos réponses ouvertes',
    null,
    null,
    null,
    null,
    null,
    null,
    null,
    null
) ON CONFLICT DO NOTHING;

INSERT INTO consultation_update_sections(id, consultation_update_id, parent_section_id, type, ordre, is_preview, title, description, url, video_width, video_height, author_info_name, author_info_message, video_date, video_transcription) VALUES(
    'ed71caaf-9705-4d10-8c1f-a2d3d2dc4e21',
    'fba95928-dbf4-4456-995c-f423e81da7aa',
    '0015dff2-458a-451c-b0a3-61b7e0511fa8',
    'quote',
    1,
    0,
    null,
    '<i>La plupart du séjour s‘est plutôt bien passé, par contre la météo s‘est gâtée sur la fin</i> - <b>Un Agoranaute bien malchanceux</b>',
    null,
    null,
    null,
    null,
    null,
    null,
    null
) ON CONFLICT DO NOTHING;

INSERT INTO consultation_update_sections(id, consultation_update_id, parent_section_id, type, ordre, is_preview, title, description, url, video_width, video_height, author_info_name, author_info_message, video_date, video_transcription) VALUES(
    '03db3cc1-304c-4e53-9c99-1ce25c2bcb2e',
    'fba95928-dbf4-4456-995c-f423e81da7aa',
    '0015dff2-458a-451c-b0a3-61b7e0511fa8',
    'richText',
    2,
    0,
    null,
    '<body>Cette phrase résume assez bien la majorité de vos feedbacks pour les personnes ayant <b>passé leur vacances en France</b></body>',
    null,
    null,
    null,
    null,
    null,
    null,
    null
) ON CONFLICT DO NOTHING;

INSERT INTO consultation_update_history(id, consultation_id, step_number, type, consultation_update_id, title, action_text) VALUES(
    'a3b0a137-0fcd-4d97-9062-8f2321a7511f',
    'b7454b2e-74b9-454c-9cc5-afc411f962f1',
    1,
    'update',
    'ccbecde2-52e7-4094-8c2b-0c56cb4d53ce',
    'Lancement',
    'Voir les objectifs'
) ON CONFLICT DO NOTHING;

INSERT INTO consultation_update_history(id, consultation_id, step_number, type, consultation_update_id, title, action_text) VALUES(
    'c52a6eb6-3ad9-4642-8169-988695c407a1',
    'b7454b2e-74b9-454c-9cc5-afc411f962f1',
    2,
    'results',
    '2efd7a52-ec78-4fa1-8978-3b1610b23d34',
    'Fin de la consultation',
    'Consulter toutes les réponses'
) ON CONFLICT DO NOTHING;

INSERT INTO consultation_update_history(id, consultation_id, step_number, type, consultation_update_id, title, action_text) VALUES(
    '8e57bea1-c7e4-49c6-a3c1-8558c6b16a32',
    'b7454b2e-74b9-454c-9cc5-afc411f962f1',
    3,
    'update',
    null,
    'Synthèse des données',
    null
) ON CONFLICT DO NOTHING;

INSERT INTO consultation_update_history(id, consultation_id, step_number, type, consultation_update_id, title, action_text) VALUES(
    '7fbdf691-90f4-42b7-a376-930a4f26b8d8',
    'b7454b2e-74b9-454c-9cc5-afc411f962f1',
    4,
    'update',
    null,
    'Réponse du gouvernement',
    null
) ON CONFLICT DO NOTHING;

INSERT INTO consultation_update_history(id, consultation_id, step_number, type, consultation_update_id, title, action_text) VALUES(
    '104958ed-23f9-4ae5-b8e2-d95c46748adf',
    'b7454b2e-74b9-454c-9cc5-afc411f962f1',
    5,
    'update',
    null,
    'Mise en oeuvre',
    null
) ON CONFLICT DO NOTHING;
